id,localidad,tipo,superficie_m2,habitaciones,banos,antiguedad_anios,planta,ascensor,estado,calificacion_energetica,calefaccion,visitas_anuncio,precio_mes,dias_hasta_alquiler,contacto_anunciante,alquilada_rapido
VIV-001,Tauste,piso,50,3,1,69,5,sí,bueno,F,sí,21,270,61,anuncio001@example.org,no
VIV-002,Tauste,casa,147,5,2,12,0,no,reformado,B,no,5,685,8,anuncio002@example.org,sí
VIV-003,Sádaba,casa,211,6,3,95,0,no,bueno,F,sí,7,710,3,anuncio003@example.org,sí
VIV-004,Sádaba,adosado,149,5,2,31,0,no,reformado,C,sí,10,685,41,anuncio004@example.org,no
VIV-005,Sádaba,piso,52,1,1,61,3,sí,bueno,E,sí,6,240,20,anuncio005@example.org,sí
VIV-006,Ejea de los Caballeros,casa,157,5,2,19,0,no,reformado,C,no,7,680,4,anuncio006@example.org,sí
VIV-007,Ejea de los Caballeros,piso,45,2,1,36,0,sí,reformado,D,sí,19,315,162,anuncio007@example.org,no
VIV-008,Biota,piso,82,2,2,67,3,no,bueno,G,sí,2,255,3,anuncio008@example.org,sí
VIV-009,Ejea de los Caballeros,casa,138,5,2,59,0,no,bueno,F,sí,3,530,1,anuncio009@example.org,sí
VIV-010,Biota,piso,56,2,1,15,3,no,nuevo,B,sí,12,260,240,anuncio010@example.org,no
VIV-011,Ejea de los Caballeros,piso,85,3,2,84,5,no,nuevo,F,no,7,420,9,anuncio011@example.org,sí
VIV-012,Tauste,piso,85,3,2,17,5,sí,bueno,C,sí,8,460,16,anuncio012@example.org,sí
VIV-013,Ejea de los Caballeros,piso,66,1,1,43,3,sí,bueno,D,sí,26,400,78,anuncio013@example.org,no
VIV-014,Uncastillo,piso,85,4,2,55,4,sí,bueno,C,no,7,295,20,anuncio014@example.org,sí
VIV-015,Tauste,adosado,151,3,2,23,0,no,bueno,C,no,8,610,10,anuncio015@example.org,sí
VIV-016,Erla,piso,112,4,2,15,2,sí,reformado,C,sí,8,425,124,anuncio016@example.org,no
VIV-017,Tauste,piso,124,4,2,46,5,sí,bueno,E,sí,15,660,41,anuncio017@example.org,no
VIV-018,Ejea de los Caballeros,piso,125,4,2,30,0,no,bueno,D,no,4,500,2,anuncio018@example.org,sí
VIV-019,Sádaba,piso,99,3,2,8,4,sí,reformado,A,no,12,455,67,anuncio019@example.org,no
VIV-020,Biota,casa,127,4,2,15,0,no,bueno,B,sí,7,425,15,anuncio020@example.org,sí
VIV-021,Uncastillo,piso,73,3,1,53,0,sí,bueno,D,no,10,265,52,anuncio021@example.org,no
VIV-022,Erla,piso,129,5,2,7,5,sí,reformado,A,sí,13,560,240,anuncio022@example.org,no
VIV-023,Tauste,adosado,116,3,2,73,0,no,a reformar,E,sí,3,390,1,anuncio023@example.org,sí
VIV-024,Tauste,piso,55,1,1,26,1,no,reformado,D,no,16,290,34,anuncio024@example.org,no
VIV-025,Ejea de los Caballeros,adosado,175,5,3,37,0,no,reformado,C,sí,12,1000,57,anuncio025@example.org,no
VIV-026,Sádaba,casa,95,3,2,28,0,no,bueno,C,sí,7,370,10,anuncio026@example.org,sí
VIV-027,Ejea de los Caballeros,piso,125,4,2,18,4,sí,a reformar,C,sí,4,515,3,anuncio027@example.org,sí
VIV-028,Sos del Rey Católico,piso,95,3,2,44,1,sí,a reformar,D,sí,3,340,8,anuncio028@example.org,sí
VIV-029,Tauste,piso,125,4,2,37,4,no,nuevo,C,sí,22,660,56,anuncio029@example.org,no
VIV-030,Ejea de los Caballeros,adosado,168,5,2,32,0,no,reformado,C,sí,24,905,33,anuncio030@example.org,no
VIV-031,Ejea de los Caballeros,piso,126,4,2,21,3,sí,bueno,B,sí,7,700,24,anuncio031@example.org,sí
VIV-032,Sos del Rey Católico,piso,81,2,2,50,1,no,bueno,C,no,4,250,3,anuncio032@example.org,sí
VIV-033,Ejea de los Caballeros,piso,96,2,2,29,2,no,reformado,C,sí,7,480,7,anuncio033@example.org,sí
VIV-034,Sádaba,piso,58,1,1,57,1,no,reformado,C,sí,10,265,27,anuncio034@example.org,sí
VIV-035,Ejea de los Caballeros,piso,86,3,2,85,1,sí,bueno,F,no,5,395,3,anuncio035@example.org,sí
VIV-036,Tauste,piso,63,1,1,92,5,sí,bueno,G,sí,12,310,23,anuncio036@example.org,sí
VIV-037,Sos del Rey Católico,piso,105,2,2,51,0,no,bueno,D,sí,2,320,5,anuncio037@example.org,sí
VIV-038,Sádaba,casa,223,5,3,37,0,no,bueno,A,sí,4,745,5,anuncio038@example.org,sí
VIV-039,Ejea de los Caballeros,piso,80,3,2,23,2,sí,bueno,A,sí,8,460,9,anuncio039@example.org,sí
VIV-040,Luna,adosado,130,3,2,62,0,no,reformado,E,no,5,455,14,anuncio040@example.org,sí
VIV-041,Sádaba,piso,88,4,2,68,2,sí,nuevo,G,sí,11,430,85,anuncio041@example.org,no
VIV-042,Tauste,piso,85,4,2,40,0,no,a reformar,D,no,3,235,1,anuncio042@example.org,sí
VIV-043,Tauste,piso,117,5,2,12,1,no,reformado,A,sí,17,615,43,anuncio043@example.org,no
VIV-044,Biota,piso,77,3,1,26,5,sí,bueno,A,sí,5,270,32,anuncio044@example.org,no
VIV-045,Tauste,casa,206,5,3,84,0,no,reformado,F,no,6,765,2,anuncio045@example.org,sí
VIV-046,Luna,piso,122,3,2,52,0,no,a reformar,D,sí,6,370,13,anuncio046@example.org,sí
VIV-047,Luna,adosado,149,4,2,48,0,no,a reformar,D,sí,1,410,5,anuncio047@example.org,sí
VIV-048,Tauste,casa,180,5,3,51,0,no,bueno,E,sí,6,800,11,anuncio048@example.org,sí
VIV-049,Ejea de los Caballeros,piso,47,1,1,41,2,sí,bueno,B,no,5,245,9,anuncio049@example.org,sí
VIV-050,Tauste,casa,92,3,2,37,0,no,bueno,B,no,4,420,8,anuncio050@example.org,sí
VIV-051,Ejea de los Caballeros,piso,75,2,1,5,2,sí,bueno,C,sí,11,420,18,anuncio051@example.org,sí
VIV-052,Tauste,casa,146,4,2,7,0,no,bueno,A,sí,13,605,9,anuncio052@example.org,sí
VIV-053,Tauste,piso,53,2,1,39,1,no,bueno,D,no,8,225,6,anuncio053@example.org,sí
VIV-054,Sos del Rey Católico,casa,177,6,3,33,0,no,bueno,B,sí,4,560,14,anuncio054@example.org,sí
VIV-055,Tauste,casa,193,6,3,26,0,no,a reformar,D,sí,6,710,2,anuncio055@example.org,sí
VIV-056,Luna,casa,105,3,2,22,0,no,bueno,C,sí,10,360,47,anuncio056@example.org,no
VIV-057,Erla,piso,123,4,2,7,1,no,bueno,A,sí,13,440,120,anuncio057@example.org,no
VIV-058,Ejea de los Caballeros,casa,191,6,3,13,0,no,bueno,B,no,2,855,4,anuncio058@example.org,sí
VIV-059,Tauste,piso,90,4,2,5,2,sí,bueno,B,sí,15,450,27,anuncio059@example.org,sí
VIV-060,Ejea de los Caballeros,casa,147,5,2,59,0,no,reformado,F,no,8,715,11,anuncio060@example.org,sí
VIV-061,Ejea de los Caballeros,piso,121,4,2,44,2,sí,bueno,A,no,15,535,14,anuncio061@example.org,sí
VIV-062,Uncastillo,piso,74,3,1,15,5,sí,a reformar,B,sí,2,225,7,anuncio062@example.org,sí
VIV-063,Erla,piso,107,1,2,31,3,sí,a reformar,C,sí,3,260,3,anuncio063@example.org,sí
VIV-064,Sádaba,adosado,105,3,2,95,0,no,bueno,G,sí,4,295,1,anuncio064@example.org,sí
VIV-065,Uncastillo,casa,117,3,2,28,0,no,bueno,C,sí,5,350,6,anuncio065@example.org,sí
VIV-066,Tauste,piso,81,2,2,11,0,no,reformado,C,sí,14,440,39,anuncio066@example.org,no
VIV-067,Ejea de los Caballeros,casa,216,6,3,29,0,no,reformado,D,sí,21,1210,57,anuncio067@example.org,no
VIV-068,Ejea de los Caballeros,piso,106,2,2,17,3,sí,reformado,B,sí,24,610,48,anuncio068@example.org,no
VIV-069,Sádaba,casa,130,4,2,49,0,no,reformado,D,sí,9,480,20,anuncio069@example.org,sí
VIV-070,Luna,piso,59,3,1,16,3,sí,bueno,D,sí,9,235,44,anuncio070@example.org,no
VIV-071,Ejea de los Caballeros,adosado,168,5,2,50,0,no,bueno,G,sí,20,810,33,anuncio071@example.org,no
VIV-072,Biota,casa,175,5,3,16,0,no,nuevo,A,sí,9,765,155,anuncio072@example.org,no
VIV-073,Biota,piso,54,1,1,24,1,no,reformado,B,no,7,175,16,anuncio073@example.org,sí
VIV-074,Tauste,casa,192,6,3,20,0,no,nuevo,B,sí,8,920,16,anuncio074@example.org,sí
VIV-075,Ejea de los Caballeros,casa,144,5,2,36,0,no,bueno,B,no,2,540,1,anuncio075@example.org,sí
VIV-076,Ejea de los Caballeros,adosado,176,6,3,2,0,no,nuevo,A,sí,21,1000,76,anuncio076@example.org,no
VIV-077,Sos del Rey Católico,piso,77,2,1,1,4,sí,nuevo,A,sí,9,380,120,anuncio077@example.org,no
VIV-078,Ejea de los Caballeros,casa,141,5,2,51,0,no,bueno,C,no,4,545,1,anuncio078@example.org,sí
VIV-079,Ejea de los Caballeros,piso,112,5,2,12,1,no,bueno,A,sí,12,635,18,anuncio079@example.org,sí
VIV-080,Ejea de los Caballeros,casa,127,4,2,95,0,no,bueno,G,no,2,510,5,anuncio080@example.org,sí
VIV-081,Ejea de los Caballeros,piso,102,2,2,15,5,no,bueno,C,sí,22,580,62,anuncio081@example.org,no
VIV-082,Tauste,piso,100,4,2,15,0,sí,a reformar,C,sí,11,415,11,anuncio082@example.org,sí
VIV-083,Luna,casa,97,2,2,32,0,no,reformado,D,sí,9,355,32,anuncio083@example.org,no
VIV-084,Ejea de los Caballeros,piso,120,3,2,20,3,sí,bueno,D,sí,12,700,26,anuncio084@example.org,sí
VIV-085,Biota,piso,75,3,1,5,1,sí,bueno,C,sí,8,265,21,anuncio085@example.org,sí
VIV-086,Tauste,piso,102,3,2,83,5,no,reformado,G,no,13,470,24,anuncio086@example.org,sí
VIV-087,Luna,piso,77,3,1,95,0,sí,reformado,E,sí,13,330,137,anuncio087@example.org,no
VIV-088,Tauste,adosado,138,5,2,33,0,no,nuevo,C,sí,21,780,51,anuncio088@example.org,no
VIV-089,Tauste,casa,193,5,3,29,0,no,reformado,D,sí,7,840,9,anuncio089@example.org,sí
VIV-090,Tauste,casa,234,6,3,33,0,no,bueno,C,sí,9,990,23,anuncio090@example.org,sí
VIV-091,Ejea de los Caballeros,adosado,100,3,2,10,0,no,a reformar,B,sí,4,385,1,anuncio091@example.org,sí
VIV-092,Ejea de los Caballeros,piso,90,4,2,74,1,no,bueno,F,no,11,385,6,anuncio092@example.org,sí
VIV-093,Biota,piso,81,2,2,26,0,no,bueno,C,sí,9,270,28,anuncio093@example.org,sí
VIV-094,Uncastillo,piso,48,1,1,61,0,sí,bueno,F,no,6,160,10,anuncio094@example.org,sí
VIV-095,Ejea de los Caballeros,piso,61,3,1,12,5,sí,a reformar,B,sí,10,310,14,anuncio095@example.org,sí
VIV-096,Sos del Rey Católico,casa,211,6,3,44,0,no,a reformar,D,no,4,490,1,anuncio096@example.org,sí
VIV-097,Tauste,piso,82,3,2,45,1,no,reformado,E,sí,19,480,100,anuncio097@example.org,no
VIV-098,Luna,piso,47,2,1,40,4,no,bueno,C,sí,16,200,59,anuncio098@example.org,no
VIV-099,Ejea de los Caballeros,casa,205,6,3,45,0,no,a reformar,C,no,3,615,1,anuncio099@example.org,sí
VIV-100,Ejea de los Caballeros,piso,91,3,2,21,4,sí,bueno,B,sí,31,500,50,anuncio100@example.org,no
VIV-101,Tauste,piso,70,2,1,20,3,sí,bueno,A,sí,22,440,89,anuncio101@example.org,no
VIV-102,Uncastillo,casa,164,5,2,45,0,no,reformado,D,sí,11,585,61,anuncio102@example.org,no
VIV-103,Ejea de los Caballeros,piso,105,4,2,18,0,sí,nuevo,C,sí,21,675,240,anuncio103@example.org,no
VIV-104,Ejea de los Caballeros,casa,250,6,3,33,0,no,bueno,C,no,4,965,2,anuncio104@example.org,sí
VIV-105,Ejea de los Caballeros,piso,121,4,2,16,2,sí,reformado,A,sí,23,710,56,anuncio105@example.org,no
VIV-106,Ejea de los Caballeros,piso,93,2,2,7,0,no,bueno,B,no,5,435,1,anuncio106@example.org,sí
VIV-107,Luna,adosado,166,6,2,62,0,no,a reformar,D,no,5,365,1,anuncio107@example.org,sí
VIV-108,Ejea de los Caballeros,piso,93,3,2,27,5,sí,bueno,A,sí,7,490,16,anuncio108@example.org,sí
VIV-109,Ejea de los Caballeros,piso,123,3,2,69,0,sí,a reformar,F,no,5,510,4,anuncio109@example.org,sí
VIV-110,Ejea de los Caballeros,casa,138,5,2,16,0,no,a reformar,B,sí,6,460,1,anuncio110@example.org,sí
VIV-111,Ejea de los Caballeros,piso,116,4,2,56,2,no,reformado,D,sí,6,440,2,anuncio111@example.org,sí
VIV-112,Luna,piso,117,3,2,58,2,sí,reformado,D,sí,14,525,136,anuncio112@example.org,no
VIV-113,Uncastillo,adosado,137,5,2,26,0,no,bueno,A,sí,10,495,89,anuncio113@example.org,no
VIV-114,Tauste,casa,232,6,3,95,0,no,bueno,G,no,7,785,2,anuncio114@example.org,sí
VIV-115,Erla,piso,90,3,2,35,3,sí,bueno,D,sí,7,320,55,anuncio115@example.org,no
VIV-116,Ejea de los Caballeros,casa,252,6,3,18,0,no,reformado,A,sí,18,1250,19,anuncio116@example.org,sí
VIV-117,Luna,piso,55,3,1,39,1,no,a reformar,D,sí,2,175,8,anuncio117@example.org,sí
VIV-118,Sádaba,piso,70,2,1,86,2,sí,reformado,G,no,17,340,169,anuncio118@example.org,no
VIV-119,Ejea de los Caballeros,casa,216,6,3,34,0,no,bueno,C,sí,14,1045,16,anuncio119@example.org,sí
VIV-120,Ejea de los Caballeros,casa,245,6,3,21,0,no,bueno,B,sí,5,1125,9,anuncio120@example.org,sí
VIV-121,Luna,piso,102,3,2,48,5,no,bueno,C,sí,13,370,39,anuncio121@example.org,no
VIV-122,Sádaba,piso,53,1,1,23,2,sí,bueno,C,sí,6,225,23,anuncio122@example.org,sí
VIV-123,Ejea de los Caballeros,casa,198,6,3,53,0,no,bueno,D,sí,7,900,7,anuncio123@example.org,sí
VIV-124,Tauste,adosado,111,4,2,15,0,no,bueno,C,sí,10,475,4,anuncio124@example.org,sí
VIV-125,Sádaba,casa,179,5,3,32,0,no,bueno,D,sí,3,605,6,anuncio125@example.org,sí
VIV-126,Sádaba,piso,127,4,2,35,2,sí,bueno,B,sí,11,510,13,anuncio126@example.org,sí
VIV-127,Ejea de los Caballeros,piso,87,3,2,11,1,no,bueno,B,sí,11,510,42,anuncio127@example.org,no
VIV-128,Sádaba,casa,153,5,2,14,0,no,bueno,B,sí,7,585,20,anuncio128@example.org,sí
VIV-129,Tauste,casa,177,5,3,63,0,no,reformado,E,no,3,620,1,anuncio129@example.org,sí
VIV-130,Sádaba,piso,90,2,2,15,5,no,reformado,A,sí,12,490,156,anuncio130@example.org,no
VIV-131,Tauste,piso,82,3,2,50,1,no,bueno,D,sí,1,315,1,anuncio131@example.org,sí
VIV-132,Tauste,casa,198,6,3,14,0,no,reformado,B,sí,22,965,46,anuncio132@example.org,no
VIV-133,Erla,piso,125,4,2,23,2,sí,reformado,C,sí,6,450,77,anuncio133@example.org,no
VIV-134,Tauste,casa,141,4,2,5,0,no,reformado,C,sí,6,655,8,anuncio134@example.org,sí
VIV-135,Ejea de los Caballeros,adosado,173,6,3,28,0,no,bueno,C,sí,11,930,29,anuncio135@example.org,sí
VIV-136,Biota,piso,79,3,1,18,2,sí,reformado,C,sí,13,330,177,anuncio136@example.org,no
VIV-137,Tauste,piso,84,3,2,35,0,no,nuevo,C,sí,13,400,17,anuncio137@example.org,sí
VIV-138,Ejea de los Caballeros,piso,53,1,1,36,0,sí,bueno,C,sí,11,315,36,anuncio138@example.org,no
VIV-139,Sádaba,piso,71,3,1,12,2,sí,a reformar,A,sí,1,260,1,anuncio139@example.org,sí
VIV-140,Tauste,piso,127,3,2,6,2,no,reformado,A,sí,25,700,176,anuncio140@example.org,no
VIV-141,Uncastillo,casa,184,6,3,32,0,no,bueno,C,sí,7,600,39,anuncio141@example.org,no
VIV-142,Tauste,casa,186,5,3,12,0,no,bueno,B,sí,13,885,19,anuncio142@example.org,sí
VIV-143,Biota,casa,220,6,3,44,0,no,bueno,E,sí,5,650,8,anuncio143@example.org,sí
VIV-144,Ejea de los Caballeros,adosado,109,3,2,29,0,no,bueno,D,no,4,460,2,anuncio144@example.org,sí
VIV-145,Tauste,piso,96,3,2,61,3,sí,a reformar,F,sí,1,425,3,anuncio145@example.org,sí
VIV-146,Luna,piso,76,3,1,63,4,sí,a reformar,D,no,3,165,1,anuncio146@example.org,sí
VIV-147,Ejea de los Caballeros,adosado,126,4,2,95,0,no,a reformar,G,no,2,375,1,anuncio147@example.org,sí
VIV-148,Tauste,adosado,140,4,2,64,0,no,bueno,E,sí,10,580,10,anuncio148@example.org,sí
VIV-149,Luna,piso,60,2,1,22,3,no,a reformar,D,sí,5,190,5,anuncio149@example.org,sí
VIV-150,Ejea de los Caballeros,casa,119,5,2,24,0,no,a reformar,C,sí,1,465,2,anuncio150@example.org,sí
VIV-151,Tauste,piso,76,3,1,35,0,sí,bueno,D,no,19,380,30,anuncio151@example.org,sí
VIV-152,Ejea de los Caballeros,adosado,106,4,2,10,0,no,a reformar,B,sí,8,405,1,anuncio152@example.org,sí
VIV-153,Ejea de los Caballeros,casa,228,6,3,55,0,no,reformado,D,no,5,860,1,anuncio153@example.org,sí
VIV-154,Biota,piso,123,4,2,28,2,sí,bueno,A,sí,8,450,53,anuncio154@example.org,no
VIV-155,Sádaba,casa,245,6,3,29,0,no,reformado,C,sí,4,845,5,anuncio155@example.org,sí
VIV-156,Tauste,piso,96,3,2,64,0,no,reformado,E,no,10,425,8,anuncio156@example.org,sí
VIV-157,Biota,casa,141,4,2,54,0,no,bueno,C,no,4,400,14,anuncio157@example.org,sí
VIV-158,Ejea de los Caballeros,piso,128,4,2,25,1,no,bueno,C,sí,7,695,32,anuncio158@example.org,no
VIV-159,Tauste,casa,208,6,3,21,0,no,bueno,D,sí,5,835,2,anuncio159@example.org,sí
VIV-160,Sos del Rey Católico,piso,126,4,2,35,0,no,a reformar,E,sí,8,455,17,anuncio160@example.org,sí
VIV-161,Ejea de los Caballeros,casa,210,6,3,16,0,no,reformado,D,no,4,1030,4,anuncio161@example.org,sí
VIV-162,Tauste,piso,102,3,2,18,2,sí,reformado,B,sí,25,590,60,anuncio162@example.org,no
VIV-163,Sádaba,piso,78,2,1,28,5,sí,bueno,B,sí,7,375,49,anuncio163@example.org,no
VIV-164,Biota,adosado,171,5,3,24,0,no,bueno,C,sí,5,580,23,anuncio164@example.org,sí
VIV-165,Sos del Rey Católico,casa,219,6,3,49,0,no,reformado,E,no,4,655,1,anuncio165@example.org,sí
VIV-166,Ejea de los Caballeros,casa,161,5,2,40,0,no,bueno,D,sí,11,815,22,anuncio166@example.org,sí
VIV-167,Tauste,casa,183,6,3,25,0,no,bueno,C,sí,8,755,6,anuncio167@example.org,sí
VIV-168,Sádaba,casa,178,5,3,29,0,no,bueno,C,sí,11,675,18,anuncio168@example.org,sí
VIV-169,Luna,casa,242,6,3,36,0,no,a reformar,D,sí,6,710,10,anuncio169@example.org,sí
VIV-170,Ejea de los Caballeros,casa,124,4,2,28,0,no,bueno,B,sí,0,505,1,anuncio170@example.org,sí
VIV-171,Tauste,casa,242,6,3,65,0,no,reformado,E,sí,9,995,10,anuncio171@example.org,sí
VIV-172,Tauste,piso,51,2,1,88,4,sí,reformado,G,sí,6,250,6,anuncio172@example.org,sí
VIV-173,Biota,adosado,116,4,2,23,0,no,bueno,A,sí,11,415,70,anuncio173@example.org,no
VIV-174,Tauste,piso,109,3,2,95,4,sí,reformado,G,sí,16,590,40,anuncio174@example.org,no
VIV-175,Ejea de los Caballeros,casa,180,6,3,33,0,no,bueno,C,sí,8,775,4,anuncio175@example.org,sí
VIV-176,Ejea de los Caballeros,piso,55,1,1,95,1,no,a reformar,G,no,3,205,1,anuncio176@example.org,sí
VIV-177,Tauste,piso,103,3,2,11,4,sí,reformado,C,no,15,540,23,anuncio177@example.org,sí
VIV-178,Ejea de los Caballeros,casa,152,6,2,33,0,no,reformado,C,sí,2,775,7,anuncio178@example.org,sí
VIV-179,Tauste,adosado,110,3,2,48,0,no,bueno,D,no,18,530,29,anuncio179@example.org,sí
VIV-180,Sos del Rey Católico,casa,125,3,2,28,0,no,bueno,B,no,2,415,10,anuncio180@example.org,sí
VIV-181,Ejea de los Caballeros,piso,110,3,2,68,3,sí,bueno,E,no,15,575,15,anuncio181@example.org,sí
VIV-182,Erla,piso,71,2,1,95,0,no,bueno,G,no,4,195,3,anuncio182@example.org,sí
VIV-183,Tauste,casa,112,4,2,35,0,no,a reformar,D,sí,4,390,2,anuncio183@example.org,sí
VIV-184,Ejea de los Caballeros,piso,50,1,1,60,3,sí,bueno,D,sí,16,280,18,anuncio184@example.org,sí
VIV-185,Erla,casa,146,6,2,16,0,no,a reformar,C,sí,4,355,2,anuncio185@example.org,sí
VIV-186,Uncastillo,piso,96,4,2,26,3,no,bueno,C,sí,7,340,30,anuncio186@example.org,sí
VIV-187,Tauste,piso,53,3,1,52,2,sí,a reformar,F,no,7,240,9,anuncio187@example.org,sí
VIV-188,Uncastillo,casa,102,3,2,48,0,no,a reformar,C,sí,2,245,1,anuncio188@example.org,sí
VIV-189,Tauste,piso,61,2,1,28,0,no,bueno,C,no,4,250,2,anuncio189@example.org,sí
VIV-190,Ejea de los Caballeros,casa,234,6,3,16,0,no,nuevo,A,no,20,1190,34,anuncio190@example.org,no
VIV-191,Ejea de los Caballeros,piso,109,3,2,45,5,sí,bueno,D,sí,16,550,20,anuncio191@example.org,sí
VIV-192,Tauste,piso,73,2,1,49,3,no,bueno,D,sí,10,325,9,anuncio192@example.org,sí
VIV-193,Ejea de los Caballeros,casa,93,3,2,33,0,no,nuevo,C,no,5,450,8,anuncio193@example.org,sí
VIV-194,Ejea de los Caballeros,piso,77,3,1,11,3,sí,bueno,B,no,10,375,7,anuncio194@example.org,sí
VIV-195,Tauste,casa,167,6,2,4,0,no,a reformar,B,sí,9,565,4,anuncio195@example.org,sí
VIV-196,Tauste,piso,57,1,1,39,3,sí,reformado,C,sí,18,345,84,anuncio196@example.org,no
VIV-197,Ejea de los Caballeros,piso,58,2,1,7,3,sí,reformado,A,sí,21,390,55,anuncio197@example.org,no
VIV-198,Uncastillo,casa,197,6,3,19,0,no,bueno,C,sí,1,550,3,anuncio198@example.org,sí
VIV-199,Ejea de los Caballeros,piso,104,3,2,37,4,sí,reformado,D,sí,21,615,40,anuncio199@example.org,no
VIV-200,Ejea de los Caballeros,piso,92,2,2,61,1,sí,bueno,F,no,19,525,37,anuncio200@example.org,no
VIV-201,Ejea de los Caballeros,casa,182,6,3,54,0,no,reformado,E,sí,12,1005,19,anuncio201@example.org,sí
VIV-202,Tauste,piso,112,3,2,30,0,sí,bueno,B,sí,12,535,25,anuncio202@example.org,sí
VIV-203,Ejea de los Caballeros,piso,115,5,2,50,2,sí,bueno,E,no,5,565,7,anuncio203@example.org,sí
VIV-204,Luna,piso,106,3,2,76,1,no,nuevo,D,sí,10,425,74,anuncio204@example.org,no
VIV-205,Ejea de los Caballeros,piso,128,4,2,89,0,no,bueno,G,no,1,480,1,anuncio205@example.org,sí
VIV-206,Ejea de los Caballeros,adosado,122,5,2,29,0,no,nuevo,C,sí,18,715,38,anuncio206@example.org,no
VIV-207,Tauste,casa,191,6,3,34,0,no,nuevo,B,sí,18,910,37,anuncio207@example.org,no
VIV-208,Ejea de los Caballeros,piso,121,4,2,26,3,sí,reformado,B,no,12,700,31,anuncio208@example.org,no
VIV-209,Ejea de los Caballeros,piso,86,2,2,31,5,sí,nuevo,D,sí,19,560,99,anuncio209@example.org,no
VIV-210,Ejea de los Caballeros,piso,67,2,1,12,3,sí,reformado,B,sí,10,395,23,anuncio210@example.org,sí
VIV-211,Erla,piso,92,4,2,33,4,sí,bueno,E,sí,8,345,127,anuncio211@example.org,no
VIV-212,Ejea de los Caballeros,piso,121,4,2,30,5,sí,bueno,C,sí,20,665,50,anuncio212@example.org,no
VIV-213,Sádaba,casa,222,6,3,43,0,no,a reformar,D,sí,7,705,5,anuncio213@example.org,sí
VIV-214,Erla,casa,211,6,3,14,0,no,bueno,B,sí,4,660,20,anuncio214@example.org,sí
VIV-215,Erla,casa,144,5,2,33,0,no,bueno,D,sí,9,480,49,anuncio215@example.org,no
VIV-216,Tauste,piso,58,1,1,27,0,sí,a reformar,D,sí,4,215,1,anuncio216@example.org,sí
VIV-217,Tauste,piso,114,2,2,7,2,sí,nuevo,A,sí,20,695,71,anuncio217@example.org,no
VIV-218,Luna,piso,100,3,2,40,0,no,bueno,E,no,3,390,20,anuncio218@example.org,sí
VIV-219,Luna,adosado,151,5,2,14,0,no,a reformar,A,sí,2,385,1,anuncio219@example.org,sí
VIV-220,Sádaba,adosado,164,5,2,15,0,no,nuevo,A,sí,13,815,134,anuncio220@example.org,no
VIV-221,Ejea de los Caballeros,adosado,121,3,2,28,0,no,bueno,B,sí,8,575,15,anuncio221@example.org,sí
VIV-222,Biota,piso,118,4,2,19,2,sí,bueno,C,sí,6,455,126,anuncio222@example.org,no
VIV-223,Sádaba,casa,109,3,2,9,0,no,nuevo,B,sí,14,480,32,anuncio223@example.org,no
VIV-224,Ejea de los Caballeros,casa,144,3,2,43,0,no,nuevo,D,no,8,710,10,anuncio224@example.org,sí
VIV-225,Luna,casa,206,6,3,69,0,no,a reformar,G,no,3,470,2,anuncio225@example.org,sí
VIV-226,Ejea de los Caballeros,casa,161,6,2,52,0,no,a reformar,F,sí,4,480,1,anuncio226@example.org,sí
VIV-227,Ejea de los Caballeros,piso,61,2,1,81,3,sí,bueno,G,no,6,290,9,anuncio227@example.org,sí
VIV-228,Ejea de los Caballeros,piso,110,4,2,21,5,sí,bueno,D,sí,24,715,183,anuncio228@example.org,no
VIV-229,Luna,casa,160,5,2,8,0,no,reformado,A,sí,9,695,187,anuncio229@example.org,no
VIV-230,Ejea de los Caballeros,casa,101,3,2,15,0,no,reformado,A,sí,7,480,5,anuncio230@example.org,sí
VIV-231,Ejea de los Caballeros,piso,63,3,1,42,3,sí,bueno,B,sí,23,395,90,anuncio231@example.org,no
VIV-232,Ejea de los Caballeros,piso,95,2,2,18,4,sí,reformado,B,no,17,585,98,anuncio232@example.org,no
VIV-233,Ejea de los Caballeros,casa,151,5,2,39,0,no,bueno,C,no,4,645,2,anuncio233@example.org,sí
VIV-234,Sos del Rey Católico,piso,128,5,2,32,3,sí,bueno,D,sí,5,410,5,anuncio234@example.org,sí
VIV-235,Tauste,piso,64,2,1,14,2,sí,nuevo,C,sí,28,395,90,anuncio235@example.org,no
VIV-236,Tauste,piso,49,1,1,51,4,sí,bueno,E,no,13,255,28,anuncio236@example.org,sí
VIV-237,Tauste,piso,103,3,2,29,5,sí,bueno,C,sí,24,495,42,anuncio237@example.org,no
VIV-238,Tauste,casa,113,3,2,44,0,no,bueno,D,sí,7,445,6,anuncio238@example.org,sí
VIV-239,Sos del Rey Católico,piso,123,4,2,33,1,sí,bueno,D,sí,6,450,8,anuncio239@example.org,sí
VIV-240,Sos del Rey Católico,casa,233,6,3,64,0,no,reformado,D,sí,7,830,7,anuncio240@example.org,sí
VIV-241,Ejea de los Caballeros,piso,128,5,2,35,0,sí,bueno,C,sí,27,670,40,anuncio241@example.org,no
VIV-242,Erla,piso,83,3,2,15,0,no,bueno,C,sí,5,300,121,anuncio242@example.org,no
VIV-243,Tauste,casa,223,6,3,35,0,no,bueno,C,sí,6,990,7,anuncio243@example.org,sí
VIV-244,Luna,piso,104,3,2,74,4,sí,a reformar,E,sí,5,295,6,anuncio244@example.org,sí
VIV-245,Tauste,piso,99,2,2,19,0,no,nuevo,B,sí,24,615,196,anuncio245@example.org,no
VIV-246,Sádaba,piso,120,4,2,29,0,sí,bueno,C,sí,23,510,53,anuncio246@example.org,no
VIV-247,Ejea de los Caballeros,adosado,125,4,2,17,0,no,reformado,C,no,27,725,122,anuncio247@example.org,no
VIV-248,Uncastillo,adosado,169,6,2,31,0,no,bueno,A,no,2,435,1,anuncio248@example.org,sí
VIV-249,Ejea de los Caballeros,adosado,141,4,2,16,0,no,a reformar,B,sí,4,595,1,anuncio249@example.org,sí
VIV-250,Ejea de los Caballeros,casa,147,4,2,85,0,no,a reformar,G,no,4,485,1,anuncio250@example.org,sí
VIV-251,Sos del Rey Católico,casa,109,4,2,48,0,no,bueno,F,sí,7,355,7,anuncio251@example.org,sí
VIV-252,Biota,piso,51,3,1,18,2,sí,nuevo,B,sí,13,250,240,anuncio252@example.org,no
VIV-253,Luna,casa,213,6,3,28,0,no,a reformar,C,sí,4,575,3,anuncio253@example.org,sí
VIV-254,Tauste,casa,96,3,2,38,0,no,reformado,C,sí,21,525,83,anuncio254@example.org,no
VIV-255,Erla,casa,235,6,3,52,0,no,bueno,D,sí,2,610,9,anuncio255@example.org,sí
VIV-256,Ejea de los Caballeros,casa,258,6,3,34,0,no,reformado,B,sí,32,1350,70,anuncio256@example.org,no
VIV-257,Ejea de los Caballeros,piso,67,1,1,56,3,sí,bueno,E,no,5,335,9,anuncio257@example.org,sí
VIV-258,Uncastillo,casa,246,6,3,7,0,no,bueno,A,sí,5,820,30,anuncio258@example.org,sí
VIV-259,Tauste,piso,95,3,2,16,1,no,bueno,B,sí,9,470,18,anuncio259@example.org,sí
VIV-260,Ejea de los Caballeros,piso,121,5,2,9,3,sí,bueno,C,sí,10,710,33,anuncio260@example.org,no
VIV-261,Sádaba,casa,221,6,3,43,0,no,reformado,D,sí,2,825,7,anuncio261@example.org,sí
VIV-262,Sádaba,piso,70,1,1,37,4,sí,a reformar,C,sí,5,220,1,anuncio262@example.org,sí
VIV-263,Tauste,piso,56,1,1,26,4,sí,reformado,C,sí,21,355,81,anuncio263@example.org,no
VIV-264,Tauste,adosado,152,4,2,17,0,no,a reformar,B,sí,8,635,18,anuncio264@example.org,sí
VIV-265,Tauste,piso,68,1,1,26,2,sí,bueno,D,sí,17,390,28,anuncio265@example.org,sí
VIV-266,Erla,adosado,117,3,2,8,0,no,bueno,A,sí,6,330,11,anuncio266@example.org,sí
VIV-267,Ejea de los Caballeros,piso,113,3,2,8,2,sí,reformado,A,sí,29,660,78,anuncio267@example.org,no
VIV-268,Tauste,adosado,106,3,2,15,0,no,nuevo,B,sí,12,605,31,anuncio268@example.org,no
VIV-269,Ejea de los Caballeros,casa,219,6,3,37,0,no,reformado,C,sí,2,950,4,anuncio269@example.org,sí
VIV-270,Sádaba,piso,56,2,1,95,1,sí,reformado,G,sí,8,235,8,anuncio270@example.org,sí
VIV-271,Sádaba,piso,47,1,1,13,3,no,bueno,B,sí,11,220,27,anuncio271@example.org,sí
VIV-272,Ejea de los Caballeros,piso,101,3,2,37,1,no,nuevo,B,sí,27,600,91,anuncio272@example.org,no
VIV-273,Tauste,piso,129,4,2,30,4,sí,reformado,D,sí,13,770,21,anuncio273@example.org,sí
VIV-274,Erla,adosado,166,6,2,28,0,no,reformado,C,sí,6,615,100,anuncio274@example.org,no
VIV-275,Tauste,adosado,175,5,3,64,0,no,reformado,F,no,4,700,6,anuncio275@example.org,sí
VIV-276,Tauste,casa,246,6,3,56,0,no,bueno,E,no,5,780,1,anuncio276@example.org,sí
VIV-277,Erla,piso,91,2,2,15,3,sí,nuevo,C,no,7,390,240,anuncio277@example.org,no
VIV-278,Sádaba,piso,125,5,2,9,0,no,reformado,A,no,6,490,16,anuncio278@example.org,sí
VIV-279,Ejea de los Caballeros,casa,184,6,3,21,0,no,bueno,C,sí,9,760,2,anuncio279@example.org,sí
VIV-280,Tauste,casa,115,3,2,57,0,no,nuevo,F,no,7,555,16,anuncio280@example.org,sí
VIV-281,Tauste,piso,117,4,2,28,3,sí,a reformar,B,sí,4,495,3,anuncio281@example.org,sí
VIV-282,Tauste,piso,48,1,1,23,0,no,bueno,E,sí,16,260,37,anuncio282@example.org,no
VIV-283,Ejea de los Caballeros,casa,255,6,3,22,0,no,nuevo,A,sí,22,1530,62,anuncio283@example.org,no
VIV-284,Luna,piso,55,2,1,67,5,sí,reformado,D,sí,12,255,240,anuncio284@example.org,no
VIV-285,Luna,piso,70,2,1,12,5,sí,reformado,C,sí,7,310,73,anuncio285@example.org,no
VIV-286,Ejea de los Caballeros,casa,244,6,3,17,0,no,reformado,A,no,10,1195,13,anuncio286@example.org,sí
VIV-287,Tauste,adosado,172,5,3,95,0,no,bueno,G,no,2,655,5,anuncio287@example.org,sí
VIV-288,Ejea de los Caballeros,casa,162,5,2,14,0,no,a reformar,A,sí,3,570,1,anuncio288@example.org,sí
VIV-289,Sádaba,casa,172,6,3,5,0,no,bueno,A,sí,7,675,21,anuncio289@example.org,sí
VIV-290,Tauste,piso,100,3,2,59,4,sí,bueno,E,sí,14,440,15,anuncio290@example.org,sí
VIV-291,Erla,piso,53,2,1,70,4,sí,bueno,D,sí,4,170,16,anuncio291@example.org,sí
VIV-292,Tauste,piso,81,3,2,34,2,sí,bueno,D,no,15,390,16,anuncio292@example.org,sí
VIV-293,Sádaba,piso,48,1,1,24,5,sí,reformado,D,no,6,210,22,anuncio293@example.org,sí
VIV-294,Uncastillo,piso,57,2,1,28,0,sí,reformado,B,sí,12,225,113,anuncio294@example.org,no
VIV-295,Ejea de los Caballeros,piso,78,2,1,44,2,sí,bueno,D,no,6,380,4,anuncio295@example.org,sí
VIV-296,Sádaba,piso,87,3,2,42,1,no,bueno,C,sí,18,415,143,anuncio296@example.org,no
VIV-297,Ejea de los Caballeros,casa,212,6,3,65,0,no,bueno,E,sí,10,1030,13,anuncio297@example.org,sí
VIV-298,Ejea de los Caballeros,piso,84,2,2,39,5,sí,a reformar,B,sí,10,375,13,anuncio298@example.org,sí
VIV-299,Tauste,casa,126,4,2,4,0,no,bueno,A,no,3,545,1,anuncio299@example.org,sí
VIV-300,Ejea de los Caballeros,casa,258,6,3,15,0,no,bueno,C,sí,4,1185,11,anuncio300@example.org,sí
VIV-301,Ejea de los Caballeros,piso,111,3,2,16,5,sí,bueno,B,sí,11,655,34,anuncio301@example.org,no
VIV-302,Sádaba,casa,91,4,2,56,0,no,a reformar,E,no,3,250,1,anuncio302@example.org,sí
VIV-303,Ejea de los Caballeros,casa,232,6,3,28,0,no,nuevo,C,sí,9,1180,17,anuncio303@example.org,sí
VIV-304,Biota,piso,58,2,1,26,4,no,bueno,C,sí,9,235,66,anuncio304@example.org,no
VIV-305,Tauste,piso,101,3,2,74,0,no,bueno,F,no,3,430,5,anuncio305@example.org,sí
VIV-306,Tauste,piso,112,3,2,10,4,no,bueno,B,sí,19,575,34,anuncio306@example.org,no
VIV-307,Ejea de los Caballeros,adosado,141,4,2,8,0,no,bueno,A,no,21,715,22,anuncio307@example.org,sí
VIV-308,Sádaba,piso,92,3,2,33,1,no,a reformar,D,sí,7,315,6,anuncio308@example.org,sí
VIV-309,Sos del Rey Católico,piso,79,3,1,3,0,no,nuevo,A,sí,10,430,240,anuncio309@example.org,no
VIV-310,Luna,piso,123,3,2,37,2,sí,bueno,C,sí,10,460,55,anuncio310@example.org,no
VIV-311,Tauste,piso,45,2,1,19,0,no,bueno,B,sí,16,245,41,anuncio311@example.org,no
VIV-312,Ejea de los Caballeros,piso,54,1,1,36,3,sí,bueno,C,sí,14,305,38,anuncio312@example.org,no
VIV-313,Tauste,piso,63,1,1,12,2,no,a reformar,B,sí,9,245,3,anuncio313@example.org,sí
VIV-314,Sádaba,casa,116,5,2,15,0,no,bueno,A,sí,5,475,30,anuncio314@example.org,sí
VIV-315,Tauste,piso,45,1,1,41,3,sí,bueno,B,sí,23,290,108,anuncio315@example.org,no
VIV-316,Tauste,piso,49,1,1,7,3,sí,bueno,A,sí,17,305,87,anuncio316@example.org,no
VIV-317,Tauste,casa,145,4,2,81,0,no,bueno,F,no,7,565,3,anuncio317@example.org,sí
VIV-318,Biota,piso,105,4,2,84,2,sí,reformado,F,sí,12,385,76,anuncio318@example.org,no
VIV-319,Sádaba,casa,140,4,2,43,0,no,bueno,E,sí,8,560,22,anuncio319@example.org,sí
VIV-320,Ejea de los Caballeros,casa,219,6,3,55,0,no,a reformar,C,sí,1,775,1,anuncio320@example.org,sí
